{"cameraMode":{"drawMode":0,"name":"Shaded","section":"Shading Mode"},"sceneLighting":true,"audioPlay":false,"sceneViewState":{"m_AlwaysRefresh":false,"showFog":true,"showSkybox":true,"showFlares":true,"showImageEffects":true,"showParticleSystems":true,"showVisualEffectGraphs":true,"m_FxEnabled":true},"in2DMode":false,"pivot":{"x":-2.3068864345550539,"y":2.26501727104187,"z":1.9336342811584473},"rotation":{"x":-0.009591234847903252,"y":-0.9456292986869812,"z":0.3239016830921173,"w":-0.02800116129219532},"size":0.8660253882408142,"orthographic":false}